rank	file	index	id	title	answer	status_from_v318	action_from_v318	reason_from_v318	final_sentence	changed	old_explanation	new_explanation
1	data/lessons/python_foundation_beginner_v94_a1_part1.json	4	PYF94_A1_L01_PRINT_004	두 줄 출력 순서 읽기	A 다음 B	POTENTIAL_MISSED_SHORT_RESULT	REVIEW_AND_PATCH	짧은 출력/결과 정답인데 현재 explanation에 정답 표현이 직접 보이지 않음	따라서 출력 순서는 ‘A 다음 B’이다.	YES	첫 번째 print가 먼저 실행되어 A를 보여 주고, 그다음 두 번째 print가 B를 보여 준다. 이 문제는 코드를 위에서 아래로 읽으면서 값이 언제 만들어지고 언제 출력되는지 확인하는 연습이다. 정답은 보기의 익숙한 단어가 아니라 실제 실행 흐름이 만든 값이다. 특히 마지막 print만 결과라고 생각하는 부분을 조심해야 한다. 비슷한 코드를 만났을 때도 먼저 변수 값, 따옴표 여부, 계산 순서, print가 실행되는 시점을 차례대로 확인하면 안전하게 판단할 수 있다. 초급 단계에서는 이런 작은 흐름을 정확히 읽는 것이 이후 조건문, 반복문, 파일 처리 코드를 이해하는 기반이 된다.	첫 번째 print가 먼저 실행되어 A를 보여 주고, 그다음 두 번째 print가 B를 보여 준다. 이 문제는 코드를 위에서 아래로 읽으면서 값이 언제 만들어지고 언제 출력되는지 확인하는 연습이다. 정답은 보기의 익숙한 단어가 아니라 실제 실행 흐름이 만든 값이다. 특히 마지막 print만 결과라고 생각하는 부분을 조심해야 한다. 비슷한 코드를 만났을 때도 먼저 변수 값, 따옴표 여부, 계산 순서, print가 실행되는 시점을 차례대로 확인하면 안전하게 판단할 수 있다. 초급 단계에서는 이런 작은 흐름을 정확히 읽는 것이 이후 조건문, 반복문, 파일 처리 코드를 이해하는 기반이 된다. 따라서 출력 순서는 ‘A 다음 B’이다.
2	data/lessons/python_foundation_beginner_v94_a1_part1.json	17	PYF94_A1_L01_VAR_005	숫자 변수 계산하기	4가 출력된다	POTENTIAL_MISSED_SHORT_RESULT	REVIEW_AND_PATCH	짧은 출력/결과 정답인데 현재 explanation에 정답 표현이 직접 보이지 않음	따라서 4가 출력된다.	YES	오른쪽 count + 1이 먼저 계산되어 4가 되고, 그 결과가 next_count에 저장된 뒤 출력된다. 이 문제는 코드를 위에서 아래로 읽으면서 값이 언제 만들어지고 언제 출력되는지 확인하는 연습이다. 정답은 보기의 익숙한 단어가 아니라 실제 실행 흐름이 만든 값이다. 특히 새 변수 이름이 출력된다고 생각하는 부분을 조심해야 한다. 비슷한 코드를 만났을 때도 먼저 변수 값, 따옴표 여부, 계산 순서, print가 실행되는 시점을 차례대로 확인하면 안전하게 판단할 수 있다. 초급 단계에서는 이런 작은 흐름을 정확히 읽는 것이 이후 조건문, 반복문, 파일 처리 코드를 이해하는 기반이 된다.	오른쪽 count + 1이 먼저 계산되어 4가 되고, 그 결과가 next_count에 저장된 뒤 출력된다. 이 문제는 코드를 위에서 아래로 읽으면서 값이 언제 만들어지고 언제 출력되는지 확인하는 연습이다. 정답은 보기의 익숙한 단어가 아니라 실제 실행 흐름이 만든 값이다. 특히 새 변수 이름이 출력된다고 생각하는 부분을 조심해야 한다. 비슷한 코드를 만났을 때도 먼저 변수 값, 따옴표 여부, 계산 순서, print가 실행되는 시점을 차례대로 확인하면 안전하게 판단할 수 있다. 초급 단계에서는 이런 작은 흐름을 정확히 읽는 것이 이후 조건문, 반복문, 파일 처리 코드를 이해하는 기반이 된다. 따라서 4가 출력된다.
3	data/lessons/python_foundation_level2_v94_a2_part1.json	7	PYF94_A2_L02_IF_007	값 있는 문자열 조건	있음	POTENTIAL_MISSED_SHORT_RESULT	REVIEW_AND_PATCH	짧은 출력/결과 정답인데 현재 explanation에 정답 표현이 직접 보이지 않음	따라서 출력은 ‘있음’이다.	YES	hi처럼 내용이 있는 문자열은 조건문에서 True처럼 취급되어 print가 실행된다. 이 문제는 Level 2에서 조건문이나 리스트 상태를 직접 추적하는 연습이다. 정답은 보기의 익숙한 단어가 아니라, 변수 값과 실행 흐름이 실제로 만든 결과다. 특히 문자열 값 자체와 조건식 결과를 구분하지 못하는 부분을 조심해야 한다. 비슷한 코드를 만났을 때도 먼저 변수에 저장된 값, 비교식의 True/False 결과, 들여쓰기된 블록의 실행 여부, 리스트에 들어 있는 현재 값을 순서대로 확인하면 안전하게 판단할 수 있다. 이 독해 습관은 나중에 필터링, 검색 결과 처리, 사용자 입력 검증, 데이터 목록 처리 코드로 그대로 이어진다.	hi처럼 내용이 있는 문자열은 조건문에서 True처럼 취급되어 print가 실행된다. 이 문제는 Level 2에서 조건문이나 리스트 상태를 직접 추적하는 연습이다. 정답은 보기의 익숙한 단어가 아니라, 변수 값과 실행 흐름이 실제로 만든 결과다. 특히 문자열 값 자체와 조건식 결과를 구분하지 못하는 부분을 조심해야 한다. 비슷한 코드를 만났을 때도 먼저 변수에 저장된 값, 비교식의 True/False 결과, 들여쓰기된 블록의 실행 여부, 리스트에 들어 있는 현재 값을 순서대로 확인하면 안전하게 판단할 수 있다. 이 독해 습관은 나중에 필터링, 검색 결과 처리, 사용자 입력 검증, 데이터 목록 처리 코드로 그대로 이어진다. 따라서 출력은 ‘있음’이다.
4	data/lessons/python_foundation_level2_v94_a2_part1.json	24	PYF94_A2_L02_LIST_008	빈 리스트 조건	없음	POTENTIAL_MISSED_SHORT_RESULT	REVIEW_AND_PATCH	짧은 출력/결과 정답인데 현재 explanation에 정답 표현이 직접 보이지 않음	따라서 출력은 ‘없음’이다.	YES	빈 리스트는 조건문에서 False처럼 처리되므로 if 블록이 아니라 else 블록이 실행된다. 이 문제는 Level 2에서 조건문이나 리스트 상태를 직접 추적하는 연습이다. 정답은 보기의 익숙한 단어가 아니라, 변수 값과 실행 흐름이 실제로 만든 결과다. 특히 빈 리스트도 리스트이므로 True라고 판단하는 부분을 조심해야 한다. 비슷한 코드를 만났을 때도 먼저 변수에 저장된 값, 비교식의 True/False 결과, 들여쓰기된 블록의 실행 여부, 리스트에 들어 있는 현재 값을 순서대로 확인하면 안전하게 판단할 수 있다. 이 독해 습관은 나중에 필터링, 검색 결과 처리, 사용자 입력 검증, 데이터 목록 처리 코드로 그대로 이어진다.	빈 리스트는 조건문에서 False처럼 처리되므로 if 블록이 아니라 else 블록이 실행된다. 이 문제는 Level 2에서 조건문이나 리스트 상태를 직접 추적하는 연습이다. 정답은 보기의 익숙한 단어가 아니라, 변수 값과 실행 흐름이 실제로 만든 결과다. 특히 빈 리스트도 리스트이므로 True라고 판단하는 부분을 조심해야 한다. 비슷한 코드를 만났을 때도 먼저 변수에 저장된 값, 비교식의 True/False 결과, 들여쓰기된 블록의 실행 여부, 리스트에 들어 있는 현재 값을 순서대로 확인하면 안전하게 판단할 수 있다. 이 독해 습관은 나중에 필터링, 검색 결과 처리, 사용자 입력 검증, 데이터 목록 처리 코드로 그대로 이어진다. 따라서 출력은 ‘없음’이다.
5	data/lessons/python_foundation_level2_v94_a2_part1.json	25	PYF94_A2_L02_LIST_009	값 있는 리스트 조건	있음	POTENTIAL_MISSED_SHORT_RESULT	REVIEW_AND_PATCH	짧은 출력/결과 정답인데 현재 explanation에 정답 표현이 직접 보이지 않음	따라서 출력은 ‘있음’이다.	YES	리스트에 값이 하나 들어 있으므로 조건식 if items는 True처럼 평가된다. 이 문제는 Level 2에서 조건문이나 리스트 상태를 직접 추적하는 연습이다. 정답은 보기의 익숙한 단어가 아니라, 변수 값과 실행 흐름이 실제로 만든 결과다. 특히 리스트 안의 값 대신 리스트 이름만 보고 판단하는 부분을 조심해야 한다. 비슷한 코드를 만났을 때도 먼저 변수에 저장된 값, 비교식의 True/False 결과, 들여쓰기된 블록의 실행 여부, 리스트에 들어 있는 현재 값을 순서대로 확인하면 안전하게 판단할 수 있다. 이 독해 습관은 나중에 필터링, 검색 결과 처리, 사용자 입력 검증, 데이터 목록 처리 코드로 그대로 이어진다.	리스트에 값이 하나 들어 있으므로 조건식 if items는 True처럼 평가된다. 이 문제는 Level 2에서 조건문이나 리스트 상태를 직접 추적하는 연습이다. 정답은 보기의 익숙한 단어가 아니라, 변수 값과 실행 흐름이 실제로 만든 결과다. 특히 리스트 안의 값 대신 리스트 이름만 보고 판단하는 부분을 조심해야 한다. 비슷한 코드를 만났을 때도 먼저 변수에 저장된 값, 비교식의 True/False 결과, 들여쓰기된 블록의 실행 여부, 리스트에 들어 있는 현재 값을 순서대로 확인하면 안전하게 판단할 수 있다. 이 독해 습관은 나중에 필터링, 검색 결과 처리, 사용자 입력 검증, 데이터 목록 처리 코드로 그대로 이어진다. 따라서 출력은 ‘있음’이다.
6	data/lessons/python_foundation_level2_v94_a2_part2.json	1	PYF94_A2_L02_LOOP_001	리스트 반복 출력	A 다음 B	POTENTIAL_MISSED_SHORT_RESULT	REVIEW_AND_PATCH	짧은 출력/결과 정답인데 현재 explanation에 정답 표현이 직접 보이지 않음	따라서 출력 순서는 ‘A 다음 B’이다.	YES	items의 첫 값 A가 먼저 item에 들어가 출력되고 다음 값 B가 이어서 출력된다. 이 문제는 Level 2에서 반복문 또는 문자열 메서드의 실행 흐름을 직접 추적하는 연습이다. 정답은 보기의 익숙한 모양이 아니라, 코드가 실제로 반복하며 만든 값이나 문자열 메서드가 반환한 결과다. 특히 리스트 전체가 한 번에 item에 들어간다고 생각하는 부분을 조심해야 한다. 비슷한 코드를 만났을 때도 먼저 반복 대상, 반복 변수의 순서, append나 누적 변수의 변화, split/strip/replace/lower/upper 같은 메서드가 만든 새 값을 차례대로 확인하면 안전하게 판단할 수 있다. 이 독해 습관은 파일에서 읽은 줄 처리, 사용자 입력 정리, 검색어 정규화, 데이터 목록 가공 코드로 그대로 이어진다.	items의 첫 값 A가 먼저 item에 들어가 출력되고 다음 값 B가 이어서 출력된다. 이 문제는 Level 2에서 반복문 또는 문자열 메서드의 실행 흐름을 직접 추적하는 연습이다. 정답은 보기의 익숙한 모양이 아니라, 코드가 실제로 반복하며 만든 값이나 문자열 메서드가 반환한 결과다. 특히 리스트 전체가 한 번에 item에 들어간다고 생각하는 부분을 조심해야 한다. 비슷한 코드를 만났을 때도 먼저 반복 대상, 반복 변수의 순서, append나 누적 변수의 변화, split/strip/replace/lower/upper 같은 메서드가 만든 새 값을 차례대로 확인하면 안전하게 판단할 수 있다. 이 독해 습관은 파일에서 읽은 줄 처리, 사용자 입력 정리, 검색어 정규화, 데이터 목록 가공 코드로 그대로 이어진다. 따라서 출력 순서는 ‘A 다음 B’이다.
7	data/lessons/python_foundation_level2_v94_a2_part2.json	8	PYF94_A2_L02_LOOP_008	반복 후 바깥 출력	A, B, end	POTENTIAL_MISSED_SHORT_RESULT	REVIEW_AND_PATCH	짧은 출력/결과 정답인데 현재 explanation에 정답 표현이 직접 보이지 않음	따라서 출력은 ‘A, B, end’이다.	YES	반복 안쪽에서 A와 B가 차례로 출력되고 반복이 끝난 뒤 바깥 print가 end를 출력한다. 이 문제는 Level 2에서 반복문 또는 문자열 메서드의 실행 흐름을 직접 추적하는 연습이다. 정답은 보기의 익숙한 모양이 아니라, 코드가 실제로 반복하며 만든 값이나 문자열 메서드가 반환한 결과다. 특히 들여쓰기 밖 출력도 반복마다 실행된다고 생각하는 부분을 조심해야 한다. 비슷한 코드를 만났을 때도 먼저 반복 대상, 반복 변수의 순서, append나 누적 변수의 변화, split/strip/replace/lower/upper 같은 메서드가 만든 새 값을 차례대로 확인하면 안전하게 판단할 수 있다. 이 독해 습관은 파일에서 읽은 줄 처리, 사용자 입력 정리, 검색어 정규화, 데이터 목록 가공 코드로 그대로 이어진다.	반복 안쪽에서 A와 B가 차례로 출력되고 반복이 끝난 뒤 바깥 print가 end를 출력한다. 이 문제는 Level 2에서 반복문 또는 문자열 메서드의 실행 흐름을 직접 추적하는 연습이다. 정답은 보기의 익숙한 모양이 아니라, 코드가 실제로 반복하며 만든 값이나 문자열 메서드가 반환한 결과다. 특히 들여쓰기 밖 출력도 반복마다 실행된다고 생각하는 부분을 조심해야 한다. 비슷한 코드를 만났을 때도 먼저 반복 대상, 반복 변수의 순서, append나 누적 변수의 변화, split/strip/replace/lower/upper 같은 메서드가 만든 새 값을 차례대로 확인하면 안전하게 판단할 수 있다. 이 독해 습관은 파일에서 읽은 줄 처리, 사용자 입력 정리, 검색어 정규화, 데이터 목록 가공 코드로 그대로 이어진다. 따라서 출력은 ‘A, B, end’이다.
8	data/lessons/python_foundation_level2_v94_a2_part2.json	10	PYF94_A2_L02_LOOP_010	조건과 반복 결합	[3, 4]만 남는다	POTENTIAL_MISSED_SHORT_RESULT	REVIEW_AND_PATCH	짧은 출력/결과 정답인데 현재 explanation에 정답 표현이 직접 보이지 않음	따라서 결과는 ‘[3, 4]만 남는다’.	YES	n이 3과 4일 때만 n > 2가 True이므로 3, 4만 result에 추가된다. 이 문제는 Level 2에서 반복문 또는 문자열 메서드의 실행 흐름을 직접 추적하는 연습이다. 정답은 보기의 익숙한 모양이 아니라, 코드가 실제로 반복하며 만든 값이나 문자열 메서드가 반환한 결과다. 특히 조건과 상관없이 모든 값이 append된다고 생각하는 부분을 조심해야 한다. 비슷한 코드를 만났을 때도 먼저 반복 대상, 반복 변수의 순서, append나 누적 변수의 변화, split/strip/replace/lower/upper 같은 메서드가 만든 새 값을 차례대로 확인하면 안전하게 판단할 수 있다. 이 독해 습관은 파일에서 읽은 줄 처리, 사용자 입력 정리, 검색어 정규화, 데이터 목록 가공 코드로 그대로 이어진다.	n이 3과 4일 때만 n > 2가 True이므로 3, 4만 result에 추가된다. 이 문제는 Level 2에서 반복문 또는 문자열 메서드의 실행 흐름을 직접 추적하는 연습이다. 정답은 보기의 익숙한 모양이 아니라, 코드가 실제로 반복하며 만든 값이나 문자열 메서드가 반환한 결과다. 특히 조건과 상관없이 모든 값이 append된다고 생각하는 부분을 조심해야 한다. 비슷한 코드를 만났을 때도 먼저 반복 대상, 반복 변수의 순서, append나 누적 변수의 변화, split/strip/replace/lower/upper 같은 메서드가 만든 새 값을 차례대로 확인하면 안전하게 판단할 수 있다. 이 독해 습관은 파일에서 읽은 줄 처리, 사용자 입력 정리, 검색어 정규화, 데이터 목록 가공 코드로 그대로 이어진다. 따라서 결과는 ‘[3, 4]만 남는다’.
9	data/lessons/python_foundation_level2_v94_a2_part2.json	16	PYF94_A2_L02_LOOP_016	반복 중 continue	[1, 3]	POTENTIAL_MISSED_SHORT_RESULT	REVIEW_AND_PATCH	짧은 출력/결과 정답인데 현재 explanation에 정답 표현이 직접 보이지 않음	따라서 출력은 ‘[1, 3]’이다.	YES	n이 2일 때 continue 때문에 append가 실행되지 않아 1과 3만 result에 들어간다. 이 문제는 Level 2에서 반복문 또는 문자열 메서드의 실행 흐름을 직접 추적하는 연습이다. 정답은 보기의 익숙한 모양이 아니라, 코드가 실제로 반복하며 만든 값이나 문자열 메서드가 반환한 결과다. 특히 continue가 반복 전체를 완전히 끝낸다고 생각하는 부분을 조심해야 한다. 비슷한 코드를 만났을 때도 먼저 반복 대상, 반복 변수의 순서, append나 누적 변수의 변화, split/strip/replace/lower/upper 같은 메서드가 만든 새 값을 차례대로 확인하면 안전하게 판단할 수 있다. 이 독해 습관은 파일에서 읽은 줄 처리, 사용자 입력 정리, 검색어 정규화, 데이터 목록 가공 코드로 그대로 이어진다.	n이 2일 때 continue 때문에 append가 실행되지 않아 1과 3만 result에 들어간다. 이 문제는 Level 2에서 반복문 또는 문자열 메서드의 실행 흐름을 직접 추적하는 연습이다. 정답은 보기의 익숙한 모양이 아니라, 코드가 실제로 반복하며 만든 값이나 문자열 메서드가 반환한 결과다. 특히 continue가 반복 전체를 완전히 끝낸다고 생각하는 부분을 조심해야 한다. 비슷한 코드를 만났을 때도 먼저 반복 대상, 반복 변수의 순서, append나 누적 변수의 변화, split/strip/replace/lower/upper 같은 메서드가 만든 새 값을 차례대로 확인하면 안전하게 판단할 수 있다. 이 독해 습관은 파일에서 읽은 줄 처리, 사용자 입력 정리, 검색어 정규화, 데이터 목록 가공 코드로 그대로 이어진다. 따라서 출력은 ‘[1, 3]’이다.
10	data/lessons/python_foundation_level2_v94_a2_part2.json	25	PYF94_A2_L02_STR_009	lower 후 비교	True	POTENTIAL_MISSED_SHORT_RESULT	REVIEW_AND_PATCH	짧은 출력/결과 정답인데 현재 explanation에 정답 표현이 직접 보이지 않음	따라서 출력은 ‘True’이다.	YES	answer.lower()가 YES를 yes로 바꾸기 때문에 기준 문자열 yes와 같아진다. 이 문제는 Level 2에서 반복문 또는 문자열 메서드의 실행 흐름을 직접 추적하는 연습이다. 정답은 보기의 익숙한 모양이 아니라, 코드가 실제로 반복하며 만든 값이나 문자열 메서드가 반환한 결과다. 특히 대소문자 차이가 비교 후에도 그대로 남는다고 생각하는 부분을 조심해야 한다. 비슷한 코드를 만났을 때도 먼저 반복 대상, 반복 변수의 순서, append나 누적 변수의 변화, split/strip/replace/lower/upper 같은 메서드가 만든 새 값을 차례대로 확인하면 안전하게 판단할 수 있다. 이 독해 습관은 파일에서 읽은 줄 처리, 사용자 입력 정리, 검색어 정규화, 데이터 목록 가공 코드로 그대로 이어진다.	answer.lower()가 YES를 yes로 바꾸기 때문에 기준 문자열 yes와 같아진다. 이 문제는 Level 2에서 반복문 또는 문자열 메서드의 실행 흐름을 직접 추적하는 연습이다. 정답은 보기의 익숙한 모양이 아니라, 코드가 실제로 반복하며 만든 값이나 문자열 메서드가 반환한 결과다. 특히 대소문자 차이가 비교 후에도 그대로 남는다고 생각하는 부분을 조심해야 한다. 비슷한 코드를 만났을 때도 먼저 반복 대상, 반복 변수의 순서, append나 누적 변수의 변화, split/strip/replace/lower/upper 같은 메서드가 만든 새 값을 차례대로 확인하면 안전하게 판단할 수 있다. 이 독해 습관은 파일에서 읽은 줄 처리, 사용자 입력 정리, 검색어 정규화, 데이터 목록 가공 코드로 그대로 이어진다. 따라서 출력은 ‘True’이다.
11	data/lessons/python_foundation_level2_v94_a2_part2.json	31	PYF94_A2_L02_STR_015	문자열 길이와 split 개수	3 다음 2	POTENTIAL_MISSED_SHORT_RESULT	REVIEW_AND_PATCH	짧은 출력/결과 정답인데 현재 explanation에 정답 표현이 직접 보이지 않음	따라서 출력 순서는 ‘3 다음 2’이다.	YES	문자열 A,B의 길이는 3이고 split 결과 리스트의 원소 개수는 2이다. 이 문제는 Level 2에서 반복문 또는 문자열 메서드의 실행 흐름을 직접 추적하는 연습이다. 정답은 보기의 익숙한 모양이 아니라, 코드가 실제로 반복하며 만든 값이나 문자열 메서드가 반환한 결과다. 특히 문자 수와 조각 개수를 같은 값으로 보는 부분을 조심해야 한다. 비슷한 코드를 만났을 때도 먼저 반복 대상, 반복 변수의 순서, append나 누적 변수의 변화, split/strip/replace/lower/upper 같은 메서드가 만든 새 값을 차례대로 확인하면 안전하게 판단할 수 있다. 이 독해 습관은 파일에서 읽은 줄 처리, 사용자 입력 정리, 검색어 정규화, 데이터 목록 가공 코드로 그대로 이어진다.	문자열 A,B의 길이는 3이고 split 결과 리스트의 원소 개수는 2이다. 이 문제는 Level 2에서 반복문 또는 문자열 메서드의 실행 흐름을 직접 추적하는 연습이다. 정답은 보기의 익숙한 모양이 아니라, 코드가 실제로 반복하며 만든 값이나 문자열 메서드가 반환한 결과다. 특히 문자 수와 조각 개수를 같은 값으로 보는 부분을 조심해야 한다. 비슷한 코드를 만났을 때도 먼저 반복 대상, 반복 변수의 순서, append나 누적 변수의 변화, split/strip/replace/lower/upper 같은 메서드가 만든 새 값을 차례대로 확인하면 안전하게 판단할 수 있다. 이 독해 습관은 파일에서 읽은 줄 처리, 사용자 입력 정리, 검색어 정규화, 데이터 목록 가공 코드로 그대로 이어진다. 따라서 출력 순서는 ‘3 다음 2’이다.
