rank	score	review_class	file	index	id	title	answer	question	detail	priority_reason	review_note	explanation
1	170	HIGH_PRIORITY_REVIEW	data/lessons/python_foundation_level2_v94_a2_part1.json	13	PYF94_A2_L02_IF_013	문자열 대소문자 비교	check	answer가 Yes일 때 이 코드가 출력하는 값은 무엇인가?	해설에서 정답 표현을 직접 찾기 어렵다.	초급/기초 카드, 정답이 짧아 해설 직접 연결 필요, 코드 결과/흐름 독해형, print/return 결과형	짧은 출력/결과 정답은 해설이 정답을 명확히 말하는지 우선 확인	Yes와 yes는 대소문자가 다르므로 비교 결과가 False가 되어 else가 실행된다. 이 문제는 Level 2에서 조건문이나 리스트 상태를 직접 추적하는 연습이다. 정답은 보기의 익숙한 단어가 아니라, 변수 값과 실행 흐름이 실제로 만든 결과다. 특히 대소문자가 자동으로 같게 처리된다고 생각하는 부분을 조심해야 한다. 비슷한 코드를 만났을 때도 먼저 변수에 저장된 값, 비교식의 True/False 결과, 들여쓰기된 블록의 실행 여부, 리스트에 들어 있는 현재 값을 순서대로 확인하면 안전하게 판단할 수 있다. 이 독해 습관은 나중에 필터링, 검색 결과 처리, 사용자 입력 검증, 데이터 목록 처리 코드로 그대로 이어진다.
2	170	HIGH_PRIORITY_REVIEW	data/lessons/python_foundation_level2_v94_a2_part1.json	16	PYF94_A2_L02_IF_016	들여쓰기 블록 구분	A 다음 B	ready가 True일 때 출력 순서로 맞는 것은 무엇인가?	해설에서 정답 표현을 직접 찾기 어렵다.	초급/기초 카드, 정답이 짧아 해설 직접 연결 필요, 코드 결과/흐름 독해형, print/return 결과형	짧은 출력/결과 정답은 해설이 정답을 명확히 말하는지 우선 확인	"ready가 True라서 A가 출력되고, 들여쓰기 밖의 print(""B"")도 이어서 실행된다. 이 문제는 Level 2에서 조건문이나 리스트 상태를 직접 추적하는 연습이다. 정답은 보기의 익숙한 단어가 아니라, 변수 값과 실행 흐름이 실제로 만든 결과다. 특히 들여쓰기 밖의 줄까지 if 안쪽으로 보는 부분을 조심해야 한다. 비슷한 코드를 만났을 때도 먼저 변수에 저장된 값, 비교식의 True/False 결과, 들여쓰기된 블록의 실행 여부, 리스트에 들어 있는 현재 값을 순서대로 확인하면 안전하게 판단할 수 있다. 이 독해 습관은 나중에 필터링, 검색 결과 처리, 사용자 입력 검증, 데이터 목록 처리 코드로 그대로 이어진다."
3	170	HIGH_PRIORITY_REVIEW	data/lessons/python_foundation_level2_v94_a2_part2.json	9	PYF94_A2_L02_LOOP_009	문자열 반복	a 다음 b	문자열 반복: 출력 순서로 맞는 것은 무엇인가?	해설에서 정답 표현을 직접 찾기 어렵다.	초급/기초 카드, 정답이 짧아 해설 직접 연결 필요, 코드 결과/흐름 독해형, print/return 결과형	짧은 출력/결과 정답은 해설이 정답을 명확히 말하는지 우선 확인	문자열 ab를 반복하면 첫 글자 a와 둘째 글자 b가 차례대로 나온다. 이 문제는 Level 2에서 반복문 또는 문자열 메서드의 실행 흐름을 직접 추적하는 연습이다. 정답은 보기의 익숙한 모양이 아니라, 코드가 실제로 반복하며 만든 값이나 문자열 메서드가 반환한 결과다. 특히 문자열 전체가 한 번에만 출력된다고 생각하는 부분을 조심해야 한다. 비슷한 코드를 만났을 때도 먼저 반복 대상, 반복 변수의 순서, append나 누적 변수의 변화, split/strip/replace/lower/upper 같은 메서드가 만든 새 값을 차례대로 확인하면 안전하게 판단할 수 있다. 이 독해 습관은 파일에서 읽은 줄 처리, 사용자 입력 정리, 검색어 정규화, 데이터 목록 가공 코드로 그대로 이어진다.
4	170	HIGH_PRIORITY_REVIEW	data/lessons/python_foundation_level2_v94_a2_part2.json	18	PYF94_A2_L02_STR_002	공백 split	'blue'가 된다	공백 split: items[1]의 출력은 무엇인가?	해설에서 정답 표현을 직접 찾기 어렵다.	초급/기초 카드, 정답이 짧아 해설 직접 연결 필요, 코드 결과/흐름 독해형, print/return 결과형	짧은 출력/결과 정답은 해설이 정답을 명확히 말하는지 우선 확인	text.split()은 red와 blue 두 조각을 만들고 1번 인덱스는 blue이다. 이 문제는 Level 2에서 반복문 또는 문자열 메서드의 실행 흐름을 직접 추적하는 연습이다. 정답은 보기의 익숙한 모양이 아니라, 코드가 실제로 반복하며 만든 값이나 문자열 메서드가 반환한 결과다. 특히 split 후에도 원래 문자열 전체가 남는다고 생각하는 부분을 조심해야 한다. 비슷한 코드를 만났을 때도 먼저 반복 대상, 반복 변수의 순서, append나 누적 변수의 변화, split/strip/replace/lower/upper 같은 메서드가 만든 새 값을 차례대로 확인하면 안전하게 판단할 수 있다. 이 독해 습관은 파일에서 읽은 줄 처리, 사용자 입력 정리, 검색어 정규화, 데이터 목록 가공 코드로 그대로 이어진다.
5	170	HIGH_PRIORITY_REVIEW	data/lessons/python_foundation_level2_v94_a2_part2.json	27	PYF94_A2_L02_STR_011	split 후 반복	A 다음 B	split 후 반복: 출력 순서로 맞는 것은 무엇인가?	해설에서 정답 표현을 직접 찾기 어렵다.	초급/기초 카드, 정답이 짧아 해설 직접 연결 필요, 코드 결과/흐름 독해형, print/return 결과형	짧은 출력/결과 정답은 해설이 정답을 명확히 말하는지 우선 확인	split 결과는 A와 B의 리스트이고 for문이 이를 차례로 출력한다. 이 문제는 Level 2에서 반복문 또는 문자열 메서드의 실행 흐름을 직접 추적하는 연습이다. 정답은 보기의 익숙한 모양이 아니라, 코드가 실제로 반복하며 만든 값이나 문자열 메서드가 반환한 결과다. 특히 split 결과를 반복 대상 리스트로 보지 못하는 부분을 조심해야 한다. 비슷한 코드를 만났을 때도 먼저 반복 대상, 반복 변수의 순서, append나 누적 변수의 변화, split/strip/replace/lower/upper 같은 메서드가 만든 새 값을 차례대로 확인하면 안전하게 판단할 수 있다. 이 독해 습관은 파일에서 읽은 줄 처리, 사용자 입력 정리, 검색어 정규화, 데이터 목록 가공 코드로 그대로 이어진다.
6	170	HIGH_PRIORITY_REVIEW	data/lessons/python_foundation_level3_v95_a1_functions.json	1	PYF95_A1_FUNC_001_DEF_CALL_PRINT	함수 정의 후 호출 출력	'hi'가 출력된다	출력 결과로 맞는 것은?	해설에서 정답 표현을 직접 찾기 어렵다.	초급/기초 카드, 정답이 짧아 해설 직접 연결 필요, 코드 결과/흐름 독해형, print/return 결과형	짧은 출력/결과 정답은 해설이 정답을 명확히 말하는지 우선 확인	"hello 함수는 마지막 줄 hello()에서 호출될 때 print(""hi"")가 실행된다. 이 문제는 Level 3에서 함수 정의와 함수 호출을 분리해서 읽는 연습이다. def 줄은 코드를 묶어 이름을 붙이는 단계이고, 실제 실행은 함수 이름 뒤에 괄호를 붙여 호출하는 줄에서 일어난다. 정답을 고를 때는 함수 안으로 들어가기 전에 먼저 호출 줄의 argument 값을 확인하고, 그 값이 parameter 이름에 들어간다고 생각한 뒤 함수 본문을 한 줄씩 따라가야 한다. 또 print는 화면 출력이고 return은 호출한 자리로 값을 돌려주는 동작이라는 점을 구분해야 한다. 출력된 글자와 변수에 저장된 값이 서로 다를 수 있으므로 실제 실행 흐름을 기준으로 판단한다."
7	170	HIGH_PRIORITY_REVIEW	data/lessons/python_foundation_level3_v95_a1_functions.json	7	PYF95_A1_FUNC_007_PRINT_VS_RETURN_NONE	print만 있는 함수의 반환값	A 다음 None	출력 흐름으로 맞는 것은?	해설에서 정답 표현을 직접 찾기 어렵다.	초급/기초 카드, 정답이 짧아 해설 직접 연결 필요, 코드 결과/흐름 독해형, print/return 결과형	짧은 출력/결과 정답은 해설이 정답을 명확히 말하는지 우선 확인	show()가 A를 출력하고 return이 없어서 result에는 None이 들어간다. 이 문제는 Level 3에서 함수 정의와 함수 호출을 분리해서 읽는 연습이다. def 줄은 코드를 묶어 이름을 붙이는 단계이고, 실제 실행은 함수 이름 뒤에 괄호를 붙여 호출하는 줄에서 일어난다. 정답을 고를 때는 함수 안으로 들어가기 전에 먼저 호출 줄의 argument 값을 확인하고, 그 값이 parameter 이름에 들어간다고 생각한 뒤 함수 본문을 한 줄씩 따라가야 한다. 또 print는 화면 출력이고 return은 호출한 자리로 값을 돌려주는 동작이라는 점을 구분해야 한다. 출력된 글자와 변수에 저장된 값이 서로 다를 수 있으므로 실제 실행 흐름을 기준으로 판단한다.
8	170	HIGH_PRIORITY_REVIEW	data/lessons/python_foundation_level3_v95_a1_functions.json	12	PYF95_A1_FUNC_012_RETURN_STOPS_AFTER	return 뒤 줄은 실행되지 않음	'A'가 출력된다	출력 결과로 맞는 것은?	해설에서 정답 표현을 직접 찾기 어렵다.	초급/기초 카드, 정답이 짧아 해설 직접 연결 필요, 코드 결과/흐름 독해형, print/return 결과형	짧은 출력/결과 정답은 해설이 정답을 명확히 말하는지 우선 확인	"return ""A""에서 함수가 끝나므로 print(""B"")는 실행되지 않는다. 이 문제는 Level 3에서 함수 정의와 함수 호출을 분리해서 읽는 연습이다. def 줄은 코드를 묶어 이름을 붙이는 단계이고, 실제 실행은 함수 이름 뒤에 괄호를 붙여 호출하는 줄에서 일어난다. 정답을 고를 때는 함수 안으로 들어가기 전에 먼저 호출 줄의 argument 값을 확인하고, 그 값이 parameter 이름에 들어간다고 생각한 뒤 함수 본문을 한 줄씩 따라가야 한다. 또 print는 화면 출력이고 return은 호출한 자리로 값을 돌려주는 동작이라는 점을 구분해야 한다. 출력된 글자와 변수에 저장된 값이 서로 다를 수 있으므로 실제 실행 흐름을 기준으로 판단한다."
9	170	HIGH_PRIORITY_REVIEW	data/lessons/python_foundation_level3_v95_a2_dict_tuple_set.json	7	PYF95_A2_DTS_007_DICT_KEYS_LIST	keys를 리스트로 보기	['a', 'b']	출력 결과로 맞는 것은?	해설에서 정답 표현을 직접 찾기 어렵다.	초급/기초 카드, 정답이 짧아 해설 직접 연결 필요, 코드 결과/흐름 독해형, print/return 결과형	짧은 출력/결과 정답은 해설이 정답을 명확히 말하는지 우선 확인	keys는 a와 b 같은 key만 보여준다. 이 문제는 Level 3에서 자료구조의 모양과 접근 방식을 분리해서 읽는 연습이다. dict는 key로 value를 찾고, tuple은 순서가 있는 묶음이며, set은 중복 없는 값 모음이다. 정답을 고를 때는 코드가 값을 새로 만드는지, 기존 값을 바꾸는지, key로 꺼내는지, 반복문으로 key와 value를 함께 읽는지 확인해야 한다. 특히 대괄호 접근, get 기본값, keys와 values와 items의 차이, tuple unpacking, set의 중복 제거를 실제 실행 순서대로 따라간다.
10	170	HIGH_PRIORITY_REVIEW	data/lessons/python_foundation_level3_v95_a2_dict_tuple_set.json	10	PYF95_A2_DTS_010_DICT_FOR_KEYS	dict를 for로 반복하면 key가 들어온다	A 다음 B	출력 순서로 맞는 것은?	해설에서 정답 표현을 직접 찾기 어렵다.	초급/기초 카드, 정답이 짧아 해설 직접 연결 필요, 코드 결과/흐름 독해형, print/return 결과형	짧은 출력/결과 정답은 해설이 정답을 명확히 말하는지 우선 확인	dict를 직접 반복하면 key인 A와 B가 차례로 나온다. 이 문제는 Level 3에서 자료구조의 모양과 접근 방식을 분리해서 읽는 연습이다. dict는 key로 value를 찾고, tuple은 순서가 있는 묶음이며, set은 중복 없는 값 모음이다. 정답을 고를 때는 코드가 값을 새로 만드는지, 기존 값을 바꾸는지, key로 꺼내는지, 반복문으로 key와 value를 함께 읽는지 확인해야 한다. 특히 대괄호 접근, get 기본값, keys와 values와 items의 차이, tuple unpacking, set의 중복 제거를 실제 실행 순서대로 따라간다.
11	170	HIGH_PRIORITY_REVIEW	data/lessons/python_foundation_level3_v95_a2_dict_tuple_set.json	17	PYF95_A2_DTS_017_TUPLE_INDEX	tuple 인덱스로 값 읽기	결과는 3이다	출력 결과는?	해설에서 정답 표현을 직접 찾기 어렵다.	초급/기초 카드, 정답이 짧아 해설 직접 연결 필요, 코드 결과/흐름 독해형, print/return 결과형	짧은 출력/결과 정답은 해설이 정답을 명확히 말하는지 우선 확인	point[0]은 첫 번째 값 3이다. 이 문제는 Level 3에서 자료구조의 모양과 접근 방식을 분리해서 읽는 연습이다. dict는 key로 value를 찾고, tuple은 순서가 있는 묶음이며, set은 중복 없는 값 모음이다. 정답을 고를 때는 코드가 값을 새로 만드는지, 기존 값을 바꾸는지, key로 꺼내는지, 반복문으로 key와 value를 함께 읽는지 확인해야 한다. 특히 대괄호 접근, get 기본값, keys와 values와 items의 차이, tuple unpacking, set의 중복 제거를 실제 실행 순서대로 따라간다.
12	170	HIGH_PRIORITY_REVIEW	data/lessons/python_foundation_level3_v95_a2_dict_tuple_set.json	21	PYF95_A2_DTS_021_ITEMS_UNPACK_TUPLE	items 결과를 unpacking하기	x 다음 1	출력 순서로 맞는 것은?	해설에서 정답 표현을 직접 찾기 어렵다.	초급/기초 카드, 정답이 짧아 해설 직접 연결 필요, 코드 결과/흐름 독해형, print/return 결과형	짧은 출력/결과 정답은 해설이 정답을 명확히 말하는지 우선 확인	key는 x, value는 1이다. 이 문제는 Level 3에서 자료구조의 모양과 접근 방식을 분리해서 읽는 연습이다. dict는 key로 value를 찾고, tuple은 순서가 있는 묶음이며, set은 중복 없는 값 모음이다. 정답을 고를 때는 코드가 값을 새로 만드는지, 기존 값을 바꾸는지, key로 꺼내는지, 반복문으로 key와 value를 함께 읽는지 확인해야 한다. 특히 대괄호 접근, get 기본값, keys와 values와 items의 차이, tuple unpacking, set의 중복 제거를 실제 실행 순서대로 따라간다.
13	170	HIGH_PRIORITY_REVIEW	data/lessons/python_foundation_level3_v95_a3_loop_tools.json	2	PYF95_A3_LOOP_002_WHILE_FALSE_START	처음부터 False인 while	아무것도 출력되지 않음	출력 결과는?	해설에서 정답 표현을 직접 찾기 어렵다.	초급/기초 카드, 정답이 짧아 해설 직접 연결 필요, 코드 결과/흐름 독해형, print/return 결과형	짧은 출력/결과 정답은 해설이 정답을 명확히 말하는지 우선 확인	처음 i는 5이고 5 < 3은 False이므로 본문이 실행되지 않는다. 이 문제는 Level 3에서 반복 흐름과 반복 보조 도구를 실제 실행 순서대로 읽는 연습이다. while은 조건이 True인 동안 반복하고, break는 반복문을 끝내며, continue는 현재 반복의 남은 줄을 건너뛴다. sorted, reversed, enumerate, zip은 반복 순서나 반복 변수의 모양을 바꾸므로 현재 반복에서 변수에 어떤 값이 들어가는지 먼저 확인해야 한다.
14	170	HIGH_PRIORITY_REVIEW	data/lessons/python_foundation_level3_v95_a3_loop_tools.json	4	PYF95_A3_LOOP_004_WHILE_LIST_INDEX	while로 리스트 인덱스 읽기	a 다음 b	출력 순서로 맞는 것은?	해설에서 정답 표현을 직접 찾기 어렵다.	초급/기초 카드, 정답이 짧아 해설 직접 연결 필요, 코드 결과/흐름 독해형, print/return 결과형	짧은 출력/결과 정답은 해설이 정답을 명확히 말하는지 우선 확인	i가 0일 때 a, 1일 때 b가 출력된다. 이 문제는 Level 3에서 반복 흐름과 반복 보조 도구를 실제 실행 순서대로 읽는 연습이다. while은 조건이 True인 동안 반복하고, break는 반복문을 끝내며, continue는 현재 반복의 남은 줄을 건너뛴다. sorted, reversed, enumerate, zip은 반복 순서나 반복 변수의 모양을 바꾸므로 현재 반복에서 변수에 어떤 값이 들어가는지 먼저 확인해야 한다.
15	170	HIGH_PRIORITY_REVIEW	data/lessons/python_foundation_level3_v95_a3_loop_tools.json	6	PYF95_A3_LOOP_006_BREAK_AT_THREE	break로 반복 중단	1 다음 2	출력 순서로 맞는 것은?	해설에서 정답 표현을 직접 찾기 어렵다.	초급/기초 카드, 정답이 짧아 해설 직접 연결 필요, 코드 결과/흐름 독해형, print/return 결과형	짧은 출력/결과 정답은 해설이 정답을 명확히 말하는지 우선 확인	n이 3이 되면 break가 실행되어 3과 4는 출력되지 않는다. 이 문제는 Level 3에서 반복 흐름과 반복 보조 도구를 실제 실행 순서대로 읽는 연습이다. while은 조건이 True인 동안 반복하고, break는 반복문을 끝내며, continue는 현재 반복의 남은 줄을 건너뛴다. sorted, reversed, enumerate, zip은 반복 순서나 반복 변수의 모양을 바꾸므로 현재 반복에서 변수에 어떤 값이 들어가는지 먼저 확인해야 한다.
16	170	HIGH_PRIORITY_REVIEW	data/lessons/python_foundation_level3_v95_a3_loop_tools.json	8	PYF95_A3_LOOP_008_CONTINUE_SKIP_EVEN	continue로 짝수 건너뛰기	1 다음 3	출력 순서로 맞는 것은?	해설에서 정답 표현을 직접 찾기 어렵다.	초급/기초 카드, 정답이 짧아 해설 직접 연결 필요, 코드 결과/흐름 독해형, print/return 결과형	짧은 출력/결과 정답은 해설이 정답을 명확히 말하는지 우선 확인	짝수 2와 4에서는 continue 때문에 print가 실행되지 않는다. 이 문제는 Level 3에서 반복 흐름과 반복 보조 도구를 실제 실행 순서대로 읽는 연습이다. while은 조건이 True인 동안 반복하고, break는 반복문을 끝내며, continue는 현재 반복의 남은 줄을 건너뛴다. sorted, reversed, enumerate, zip은 반복 순서나 반복 변수의 모양을 바꾸므로 현재 반복에서 변수에 어떤 값이 들어가는지 먼저 확인해야 한다.
17	170	HIGH_PRIORITY_REVIEW	data/lessons/python_foundation_level3_v95_a3_loop_tools.json	9	PYF95_A3_LOOP_009_CONTINUE_SKIP_EMPTY	빈 문자열 건너뛰기	a 다음 b	출력 순서로 맞는 것은?	해설에서 정답 표현을 직접 찾기 어렵다.	초급/기초 카드, 정답이 짧아 해설 직접 연결 필요, 코드 결과/흐름 독해형, print/return 결과형	짧은 출력/결과 정답은 해설이 정답을 명확히 말하는지 우선 확인	빈 문자열 반복에서는 print가 실행되지 않으므로 a와 b만 출력된다. 이 문제는 Level 3에서 반복 흐름과 반복 보조 도구를 실제 실행 순서대로 읽는 연습이다. while은 조건이 True인 동안 반복하고, break는 반복문을 끝내며, continue는 현재 반복의 남은 줄을 건너뛴다. sorted, reversed, enumerate, zip은 반복 순서나 반복 변수의 모양을 바꾸므로 현재 반복에서 변수에 어떤 값이 들어가는지 먼저 확인해야 한다.
18	170	HIGH_PRIORITY_REVIEW	data/lessons/python_foundation_level3_v95_a3_loop_tools.json	10	PYF95_A3_LOOP_010_WHILE_BREAK	while 안 break	0 다음 1	출력 순서로 맞는 것은?	해설에서 정답 표현을 직접 찾기 어렵다.	초급/기초 카드, 정답이 짧아 해설 직접 연결 필요, 코드 결과/흐름 독해형, print/return 결과형	짧은 출력/결과 정답은 해설이 정답을 명확히 말하는지 우선 확인	i가 2가 되면 break가 먼저 실행되어 2는 출력되지 않는다. 이 문제는 Level 3에서 반복 흐름과 반복 보조 도구를 실제 실행 순서대로 읽는 연습이다. while은 조건이 True인 동안 반복하고, break는 반복문을 끝내며, continue는 현재 반복의 남은 줄을 건너뛴다. sorted, reversed, enumerate, zip은 반복 순서나 반복 변수의 모양을 바꾸므로 현재 반복에서 변수에 어떤 값이 들어가는지 먼저 확인해야 한다.
19	170	HIGH_PRIORITY_REVIEW	data/lessons/python_foundation_level3_v95_a3_loop_tools.json	14	PYF95_A3_LOOP_014_SORT_METHOD_MUTATES	sort는 원본 리스트를 바꾼다	[1, 2, 3]	출력 결과는?	해설에서 정답 표현을 직접 찾기 어렵다.	초급/기초 카드, 정답이 짧아 해설 직접 연결 필요, 코드 결과/흐름 독해형, print/return 결과형	짧은 출력/결과 정답은 해설이 정답을 명확히 말하는지 우선 확인	nums.sort()는 nums 자체를 정렬한다. 이 문제는 Level 3에서 반복 흐름과 반복 보조 도구를 실제 실행 순서대로 읽는 연습이다. while은 조건이 True인 동안 반복하고, break는 반복문을 끝내며, continue는 현재 반복의 남은 줄을 건너뛴다. sorted, reversed, enumerate, zip은 반복 순서나 반복 변수의 모양을 바꾸므로 현재 반복에서 변수에 어떤 값이 들어가는지 먼저 확인해야 한다.
20	170	HIGH_PRIORITY_REVIEW	data/lessons/python_foundation_level3_v95_a3_loop_tools.json	30	PYF95_A3_LOOP_030_SORTED_SET	set을 sorted로 정렬해 보기	['a', 'b']	출력 결과로 맞는 것은?	해설에서 정답 표현을 직접 찾기 어렵다.	초급/기초 카드, 정답이 짧아 해설 직접 연결 필요, 코드 결과/흐름 독해형, print/return 결과형	짧은 출력/결과 정답은 해설이 정답을 명확히 말하는지 우선 확인	sorted(tags)는 정렬된 리스트를 돌려준다. 이 문제는 Level 3에서 반복 흐름과 반복 보조 도구를 실제 실행 순서대로 읽는 연습이다. while은 조건이 True인 동안 반복하고, break는 반복문을 끝내며, continue는 현재 반복의 남은 줄을 건너뛴다. sorted, reversed, enumerate, zip은 반복 순서나 반복 변수의 모양을 바꾸므로 현재 반복에서 변수에 어떤 값이 들어가는지 먼저 확인해야 한다.
21	170	HIGH_PRIORITY_REVIEW	data/lessons/python_foundation_level3_v95_a4_file_exception_path.json	2	PYF95_A4_FILE_002_READLINE_FIRST	첫 줄 읽기	'A'가 출력된다	출력 결과는?	해설에서 정답 표현을 직접 찾기 어렵다.	초급/기초 카드, 정답이 짧아 해설 직접 연결 필요, 코드 결과/흐름 독해형, print/return 결과형	짧은 출력/결과 정답은 해설이 정답을 명확히 말하는지 우선 확인	readline은 첫 줄 A를 읽고 strip으로 줄바꿈을 제거한다. 이 문제는 Level 3에서 파일 처리, 경로 처리, 예외 처리의 실행 흐름을 읽는 연습이다. open과 with는 파일을 여는 방식이고, read와 write는 내용을 읽거나 쓰는 동작이다. pathlib Path는 경로를 부품처럼 다루게 해 주며, try/except는 실패할 수 있는 코드의 정상 흐름과 오류 흐름을 나누어 준다. 정답은 코드가 파일을 읽는지 쓰는지, 오류가 발생하는지, except가 실행되는지, Path 속성이 어떤 부분을 가리키는지를 기준으로 고른다.
22	170	HIGH_PRIORITY_REVIEW	data/lessons/python_foundation_level3_v95_a4_file_exception_path.json	6	PYF95_A4_FILE_006_WRITE_RETURN_COUNT	write 반환값	결과는 2이다	출력 결과는?	해설에서 정답 표현을 직접 찾기 어렵다.	초급/기초 카드, 정답이 짧아 해설 직접 연결 필요, 코드 결과/흐름 독해형, print/return 결과형	짧은 출력/결과 정답은 해설이 정답을 명확히 말하는지 우선 확인	문자열 hi의 길이는 2이므로 write 반환값 n은 2다. 이 문제는 Level 3에서 파일 처리, 경로 처리, 예외 처리의 실행 흐름을 읽는 연습이다. open과 with는 파일을 여는 방식이고, read와 write는 내용을 읽거나 쓰는 동작이다. pathlib Path는 경로를 부품처럼 다루게 해 주며, try/except는 실패할 수 있는 코드의 정상 흐름과 오류 흐름을 나누어 준다. 정답은 코드가 파일을 읽는지 쓰는지, 오류가 발생하는지, except가 실행되는지, Path 속성이 어떤 부분을 가리키는지를 기준으로 고른다.
23	170	HIGH_PRIORITY_REVIEW	data/lessons/python_foundation_level3_v95_a4_file_exception_path.json	18	PYF95_A4_FILE_018_TRY_EXCEPT_NO_ERROR	오류가 없을 때 except 건너뛰기	결과는 3이다	출력 결과는?	해설에서 정답 표현을 직접 찾기 어렵다.	초급/기초 카드, 정답이 짧아 해설 직접 연결 필요, 코드 결과/흐름 독해형, print/return 결과형	짧은 출력/결과 정답은 해설이 정답을 명확히 말하는지 우선 확인	int('3')은 성공하므로 3이 출력되고 except는 실행되지 않는다. 이 문제는 Level 3에서 파일 처리, 경로 처리, 예외 처리의 실행 흐름을 읽는 연습이다. open과 with는 파일을 여는 방식이고, read와 write는 내용을 읽거나 쓰는 동작이다. pathlib Path는 경로를 부품처럼 다루게 해 주며, try/except는 실패할 수 있는 코드의 정상 흐름과 오류 흐름을 나누어 준다. 정답은 코드가 파일을 읽는지 쓰는지, 오류가 발생하는지, except가 실행되는지, Path 속성이 어떤 부분을 가리키는지를 기준으로 고른다.
24	170	HIGH_PRIORITY_REVIEW	data/lessons/python_foundation_level3_v95_a4_file_exception_path.json	22	PYF95_A4_FILE_022_SAFE_INT_FUNCTION	safe_int 함수 읽기	결과는 0이다	출력 결과는?	해설에서 정답 표현을 직접 찾기 어렵다.	초급/기초 카드, 정답이 짧아 해설 직접 연결 필요, 코드 결과/흐름 독해형, print/return 결과형	짧은 출력/결과 정답은 해설이 정답을 명확히 말하는지 우선 확인	int('x')가 실패하므로 except에서 return 0이 실행된다. 이 문제는 Level 3에서 파일 처리, 경로 처리, 예외 처리의 실행 흐름을 읽는 연습이다. open과 with는 파일을 여는 방식이고, read와 write는 내용을 읽거나 쓰는 동작이다. pathlib Path는 경로를 부품처럼 다루게 해 주며, try/except는 실패할 수 있는 코드의 정상 흐름과 오류 흐름을 나누어 준다. 정답은 코드가 파일을 읽는지 쓰는지, 오류가 발생하는지, except가 실행되는지, Path 속성이 어떤 부분을 가리키는지를 기준으로 고른다.
25	170	HIGH_PRIORITY_REVIEW	data/lessons/python_foundation_level3_v95_a4_file_exception_path.json	23	PYF95_A4_FILE_023_SAFE_INT_SUCCESS	safe_int 정상 변환	결과는 7이다	출력 결과는?	해설에서 정답 표현을 직접 찾기 어렵다.	초급/기초 카드, 정답이 짧아 해설 직접 연결 필요, 코드 결과/흐름 독해형, print/return 결과형	짧은 출력/결과 정답은 해설이 정답을 명확히 말하는지 우선 확인	int('7')은 성공하므로 7이 return 된다. 이 문제는 Level 3에서 파일 처리, 경로 처리, 예외 처리의 실행 흐름을 읽는 연습이다. open과 with는 파일을 여는 방식이고, read와 write는 내용을 읽거나 쓰는 동작이다. pathlib Path는 경로를 부품처럼 다루게 해 주며, try/except는 실패할 수 있는 코드의 정상 흐름과 오류 흐름을 나누어 준다. 정답은 코드가 파일을 읽는지 쓰는지, 오류가 발생하는지, except가 실행되는지, Path 속성이 어떤 부분을 가리키는지를 기준으로 고른다.
26	170	HIGH_PRIORITY_REVIEW	data/lessons/python_foundation_level3_v95_a4_file_exception_path.json	28	PYF95_A4_FILE_028_JSON_FILE_FLOW	파일에서 JSON 읽기 흐름	읽은 항목 개수인 3	출력 결과는?	해설에서 정답 표현을 직접 찾기 어렵다.	초급/기초 카드, 정답이 짧아 해설 직접 연결 필요, 코드 결과/흐름 독해형, print/return 결과형	짧은 출력/결과 정답은 해설이 정답을 명확히 말하는지 우선 확인	파일 내용 문자열이 dict로 바뀌고 level 값 3이 출력된다. 이 문제는 Level 3에서 파일 처리, 경로 처리, 예외 처리의 실행 흐름을 읽는 연습이다. open과 with는 파일을 여는 방식이고, read와 write는 내용을 읽거나 쓰는 동작이다. pathlib Path는 경로를 부품처럼 다루게 해 주며, try/except는 실패할 수 있는 코드의 정상 흐름과 오류 흐름을 나누어 준다. 정답은 코드가 파일을 읽는지 쓰는지, 오류가 발생하는지, except가 실행되는지, Path 속성이 어떤 부분을 가리키는지를 기준으로 고른다.
27	170	HIGH_PRIORITY_REVIEW	data/lessons/python_foundation_level4_v95_a5_oop_basics.json	6	PYF95_A5_OOP_006_INIT_TWO_OBJECTS	두 object의 attribute 구분	A 다음 B	출력 순서로 맞는 것은?	해설에서 정답 표현을 직접 찾기 어렵다.	초급/기초 카드, 정답이 짧아 해설 직접 연결 필요, 코드 결과/흐름 독해형, print/return 결과형	짧은 출력/결과 정답은 해설이 정답을 명확히 말하는지 우선 확인	a.name은 A이고 b.name은 B다. 이 문제는 Level 4에서 객체지향 기초 코드를 실행 순서대로 읽는 연습이다. class는 설계도이고 object는 class를 호출해서 만든 실제 값이다. self는 method가 실행되는 현재 object를 가리키며, __init__은 object가 만들어질 때 attribute를 준비하는 특별한 method다. 정답을 고를 때는 class 정의만 보고 바로 실행된다고 생각하지 말고, object 생성 줄, attribute 대입, method 호출, return 또는 print 흐름을 차례대로 따라가야 한다.
28	170	HIGH_PRIORITY_REVIEW	data/lessons/python_foundation_level4_v95_a5_oop_basics.json	11	PYF95_A5_OOP_011_METHOD_CHANGES_ATTRIBUTE	method에서 attribute 바꾸기	결과는 1이다	출력 결과는?	해설에서 정답 표현을 직접 찾기 어렵다.	초급/기초 카드, 정답이 짧아 해설 직접 연결 필요, 코드 결과/흐름 독해형, print/return 결과형	짧은 출력/결과 정답은 해설이 정답을 명확히 말하는지 우선 확인	초기 count는 0이고 add 한 번으로 1이 된다. 이 문제는 Level 4에서 객체지향 기초 코드를 실행 순서대로 읽는 연습이다. class는 설계도이고 object는 class를 호출해서 만든 실제 값이다. self는 method가 실행되는 현재 object를 가리키며, __init__은 object가 만들어질 때 attribute를 준비하는 특별한 method다. 정답을 고를 때는 class 정의만 보고 바로 실행된다고 생각하지 말고, object 생성 줄, attribute 대입, method 호출, return 또는 print 흐름을 차례대로 따라가야 한다.
29	170	HIGH_PRIORITY_REVIEW	data/lessons/python_foundation_level4_v95_a5_oop_basics.json	15	PYF95_A5_OOP_015_LOOP_OBJECTS	object 리스트 반복	A 다음 B	출력 순서로 맞는 것은?	해설에서 정답 표현을 직접 찾기 어렵다.	초급/기초 카드, 정답이 짧아 해설 직접 연결 필요, 코드 결과/흐름 독해형, print/return 결과형	짧은 출력/결과 정답은 해설이 정답을 명확히 말하는지 우선 확인	첫 object의 name은 A, 두 번째 object의 name은 B다. 이 문제는 Level 4에서 객체지향 기초 코드를 실행 순서대로 읽는 연습이다. class는 설계도이고 object는 class를 호출해서 만든 실제 값이다. self는 method가 실행되는 현재 object를 가리키며, __init__은 object가 만들어질 때 attribute를 준비하는 특별한 method다. 정답을 고를 때는 class 정의만 보고 바로 실행된다고 생각하지 말고, object 생성 줄, attribute 대입, method 호출, return 또는 print 흐름을 차례대로 따라가야 한다.
30	170	HIGH_PRIORITY_REVIEW	data/lessons/python_foundation_level4_v95_a5_oop_basics.json	17	PYF95_A5_OOP_017_INSTANCE_READ_CLASS_VARIABLE	object에서 class variable 읽기	v1	출력 결과는?	해설에서 정답 표현을 직접 찾기 어렵다.	초급/기초 카드, 정답이 짧아 해설 직접 연결 필요, 코드 결과/흐름 독해형, print/return 결과형	짧은 출력/결과 정답은 해설이 정답을 명확히 말하는지 우선 확인	c에 version attribute가 따로 없으면 class 쪽 version을 읽을 수 있다. 이 문제는 Level 4에서 객체지향 기초 코드를 실행 순서대로 읽는 연습이다. class는 설계도이고 object는 class를 호출해서 만든 실제 값이다. self는 method가 실행되는 현재 object를 가리키며, __init__은 object가 만들어질 때 attribute를 준비하는 특별한 method다. 정답을 고를 때는 class 정의만 보고 바로 실행된다고 생각하지 말고, object 생성 줄, attribute 대입, method 호출, return 또는 print 흐름을 차례대로 따라가야 한다.
31	170	HIGH_PRIORITY_REVIEW	data/lessons/python_foundation_level4_v95_a5_oop_basics.json	22	PYF95_A5_OOP_022_METHOD_TWO_ARGUMENTS	method parameter 두 개	결과는 5이다	출력 결과는?	해설에서 정답 표현을 직접 찾기 어렵다.	초급/기초 카드, 정답이 짧아 해설 직접 연결 필요, 코드 결과/흐름 독해형, print/return 결과형	짧은 출력/결과 정답은 해설이 정답을 명확히 말하는지 우선 확인	a는 2, b는 3이므로 add는 5를 return한다. 이 문제는 Level 4에서 객체지향 기초 코드를 실행 순서대로 읽는 연습이다. class는 설계도이고 object는 class를 호출해서 만든 실제 값이다. self는 method가 실행되는 현재 object를 가리키며, __init__은 object가 만들어질 때 attribute를 준비하는 특별한 method다. 정답을 고를 때는 class 정의만 보고 바로 실행된다고 생각하지 말고, object 생성 줄, attribute 대입, method 호출, return 또는 print 흐름을 차례대로 따라가야 한다.
32	170	HIGH_PRIORITY_REVIEW	data/lessons/python_foundation_level4_v95_a5_oop_basics.json	27	PYF95_A5_OOP_027_ATTRIBUTE_DICT	attribute가 dict일 때	결과는 3이다	출력 결과는?	해설에서 정답 표현을 직접 찾기 어렵다.	초급/기초 카드, 정답이 짧아 해설 직접 연결 필요, 코드 결과/흐름 독해형, print/return 결과형	짧은 출력/결과 정답은 해설이 정답을 명확히 말하는지 우선 확인	p.data는 dict이고 level key의 값은 3이다. 이 문제는 Level 4에서 객체지향 기초 코드를 실행 순서대로 읽는 연습이다. class는 설계도이고 object는 class를 호출해서 만든 실제 값이다. self는 method가 실행되는 현재 object를 가리키며, __init__은 object가 만들어질 때 attribute를 준비하는 특별한 method다. 정답을 고를 때는 class 정의만 보고 바로 실행된다고 생각하지 말고, object 생성 줄, attribute 대입, method 호출, return 또는 print 흐름을 차례대로 따라가야 한다.
33	170	HIGH_PRIORITY_REVIEW	data/lessons/python_json_error_encoding_beginner_v119_a1.json	4	PY119_L05_BOM_SYMPTOM_001	BOM 문제 증상 읽기	BOM이나 인코딩 문제	\ufeff 같은 문자가 첫 key에 보이면 무엇을 의심할 수 있는가?	해설에서 정답 표현을 직접 찾기 어렵다.	초급/기초 카드, 정답이 짧아 해설 직접 연결 필요, 코드 결과/흐름 독해형, print/return 결과형	짧은 출력/결과 정답은 해설이 정답을 명확히 말하는지 우선 확인	\ufeff는 BOM이 문자열에 남았을 때 보일 수 있다. 이때 파일을 utf-8-sig로 읽는 방법을 고려할 수 있다. 문제 파일의 첫 글자 주변을 확인하면 원인을 좁힐 수 있다.
34	155	HIGH_PRIORITY_REVIEW	data/lessons/python_broad_expansion_v3.json	6	PY3_L05_nested_dict_001	중첩 dict 값 읽기	arXiv	출력은?	해설에서 정답 표현을 직접 찾기 어렵다. 해설에 언급된 보기 후보: source, name	핵심 확장 카드, 정답이 짧아 해설 직접 연결 필요, 코드 결과/흐름 독해형, print/return 결과형, 다른 보기 언급 감지	짧은 출력/결과 정답은 해설이 정답을 명확히 말하는지 우선 확인	중첩 dict는 dict 안에 또 다른 dict가 들어 있는 구조다. source key로 안쪽 dict에 들어간 뒤 name 값을 꺼낸다. 중첩 구조는 바깥 key를 먼저 찾고 그 결과 dict에서 다시 안쪽 key를 찾는 순서로 따라가면 된다.
35	155	HIGH_PRIORITY_REVIEW	data/lessons/python_core_expansion_v1.json	6	PY_L02_fstring_001	f-string 읽기	node: LiDAR	f-string의 {name} 자리에는 무엇이 들어가는가?	해설에서 정답 표현을 직접 찾기 어렵다. 해설에 언급된 보기 후보: {name}	핵심 확장 카드, 정답이 짧아 해설 직접 연결 필요, 코드 결과/흐름 독해형, print/return 결과형, 다른 보기 언급 감지	짧은 출력/결과 정답은 해설이 정답을 명확히 말하는지 우선 확인	f-string은 문자열 안의 중괄호 자리에 변수 값이나 간단한 표현식 결과를 넣는다. 따라서 {name} 자리에는 변수 name에 저장된 실제 값이 들어간다. 일반 문자열처럼 보이지만 앞의 f가 붙어 있기 때문에 중괄호 안이 계산된다는 점이 핵심이다. 로그, 상태 메시지, 출력 문장을 만들 때 자주 쓰이므로 변수 값이 언제 문자열에 들어가는지 확인해야 한다.
36	155	HIGH_PRIORITY_REVIEW	data/lessons/python_core_expansion_v1.json	10	PY_L04_enumerate_001	enumerate로 번호와 값 함께 읽기	순번과 값	enumerate()는 반복문에서 무엇을 함께 제공하는가?	해설에서 정답 표현을 직접 찾기 어렵다. 해설에 언급된 보기 후보: 값만	핵심 확장 카드, 정답이 짧아 해설 직접 연결 필요, 코드 결과/흐름 독해형, print/return 결과형, 다른 보기 언급 감지	짧은 출력/결과 정답은 해설이 정답을 명확히 말하는지 우선 확인	enumerate()는 반복 중인 값과 그 값의 인덱스를 함께 제공한다. for i, value처럼 두 변수로 받으면 첫 번째에는 번호, 두 번째에는 실제 값이 들어간다. 리스트의 값만 필요한 경우에는 그냥 for value in items를 쓰면 되지만, 몇 번째 항목인지도 필요하면 enumerate가 편하다. 출력에서 번호와 값이 함께 보이면 인덱스가 0부터 시작하는지도 확인해야 한다.
37	155	CHOICE_CONFUSION_REVIEW	data/lessons/python_core_gaps_v99_a1.json	25	PYV99_A1_GAP_025_SET_DISCARD_EXISTING	discard로 있는 값 제거하기	['ai', 'python']	출력 결과는?	해설에서 정답 표현을 직접 찾기 어렵다. 해설에 언급된 보기 후보: ['web']	초급/기초 카드, 코드 결과/흐름 독해형, print/return 결과형, 다른 보기 언급 감지	해설이 다른 보기와 섞여 보일 수 있어 보기별 혼란 여부 확인	discard는 set 안에 값이 있으면 그 값을 제거하고, 값이 없어도 오류 없이 넘어간다. 이 예제에서는 web이 tags 안에 있으므로 제거되고, sorted는 출력 순서를 안정적으로 보여 주기 위해 사용된다. remove와 달리 discard는 없는 값을 지울 때도 예외를 만들지 않는다. 따라서 중복 태그나 선택 항목을 안전하게 정리할 때 자주 쓴다.
38	145	NORMAL_REVIEW	data/lessons/cards_seed_v1.json	12	L10_risk_001	불안정한 코드 위험 찾기	doc_id가 없는 줄이면 에러가 난다	이 코드가 불안정할 수 있는 이유를 고르시오.	해설에서 정답 표현을 직접 찾기 어렵다.	초기 seed 카드, print/return 결과형	해설이 정답과 의미상 연결되는지 사람이 샘플 확인	row['doc_id']처럼 대괄호 접근을 쓰면 해당 key가 없는 데이터에서 KeyError가 날 수 있다. 불안정한 코드 위험은 당장 오류가 나지 않아도 나중에 실패할 수 있는 부분을 찾는 것이다. 입력값, 예외 처리, 파일 존재 여부를 함께 봐야 한다.
39	145	NORMAL_REVIEW	data/lessons/python_dev_environment_foundation_v103_a1.json	23	PY103_L10_restore_reset_revert_001	restore, reset, revert 차이 읽기	git restore	커밋하지 않은 파일 수정을 되돌릴 때 먼저 고려할 명령은?	해설에서 정답 표현을 직접 찾기 어렵다.	초급/기초 카드, 정답이 짧아 해설 직접 연결 필요, 코드 결과/흐름 독해형	해설이 정답과 의미상 연결되는지 사람이 샘플 확인	restore, reset, revert는 모두 되돌리기처럼 보이지만 영향 범위가 다르다. restore는 보통 작업 폴더의 미커밋 변경을 되돌리는 데 쓰고, revert는 이미 커밋된 변경을 취소하는 새 커밋을 만든다. reset은 이력을 움직일 수 있어 더 조심해야 한다. 어떤 명령을 쓰기 전에는 status와 log로 현재 상태와 원격 push 여부를 확인해야 한다.
40	135	HIGH_PRIORITY_REVIEW	data/lessons/python_core_expansion_v1.json	2	PY_L01_type_001	type()으로 값의 종류 보기	value의 자료형	type() 함수는 무엇을 확인하는가?	해설에서 정답 표현을 직접 찾기 어렵다.	핵심 확장 카드, 정답이 짧아 해설 직접 연결 필요, 코드 결과/흐름 독해형, print/return 결과형	짧은 출력/결과 정답은 해설이 정답을 명확히 말하는지 우선 확인	type()은 값이 어떤 자료형인지 확인하는 함수다. 숫자, 문자열, 리스트처럼 값의 종류를 알아야 가능한 연산과 메서드를 안전하게 고를 수 있다. 예를 들어 '3'은 숫자처럼 보이지만 문자열이면 덧셈 방식이 달라진다. 코드를 읽을 때 type()이 보이면 실제 값의 모양보다 파이썬이 판단하는 종류를 확인하는 줄이라고 보면 된다.
